ProductID,ProductName,Category,Price,Stock,Rating
P0001,Outdoor Gear 1,Chaquetas,105.88,47,4.5
P0002,Outdoor Gear 2,Accesorios,270.48,53,4.7
P0003,Outdoor Gear 3,Pantalones,249.58,80,3.5
P0004,Outdoor Gear 4,Camisetas,183.16,48,4.9
P0005,Outdoor Gear 5,Mochilas,157.51,184,4.4
P0006,Outdoor Gear 6,Pantalones,75.61,22,4.7
P0007,Outdoor Gear 7,Chaquetas,184.52,24,3.6
P0008,Outdoor Gear 8,Zapatos,59.81,178,3.8
P0009,Outdoor Gear 9,Accesorios,259.39,30,4.9
P0010,Outdoor Gear 10,Accesorios,143.49,106,4.4
P0011,Outdoor Gear 11,Chaquetas,121.05,36,3.2
P0012,Outdoor Gear 12,Pantalones,155.66,1,4.0
P0013,Outdoor Gear 13,Zapatos,252.19,134,3.1
P0014,Outdoor Gear 14,Mochilas,262.44,128,3.9
P0015,Outdoor Gear 15,Pantalones,34.09,156,3.4
P0016,Outdoor Gear 16,Chaquetas,127.95,86,3.2
P0017,Outdoor Gear 17,Chaquetas,266.79,16,3.8
P0018,Outdoor Gear 18,Pantalones,195.88,135,3.3
P0019,Outdoor Gear 19,Mochilas,65.6,93,4.3
P0020,Outdoor Gear 20,Pantalones,227.01,131,4.8
P0021,Outdoor Gear 21,Zapatos,81.87,15,4.9
P0022,Outdoor Gear 22,Pantalones,95.21,143,3.1
P0023,Outdoor Gear 23,Mochilas,256.89,80,3.5
P0024,Outdoor Gear 24,Camisetas,87.86,194,4.2
P0025,Outdoor Gear 25,Zapatos,253.92,8,4.2
P0026,Outdoor Gear 26,Chaquetas,71.59,149,3.5
P0027,Outdoor Gear 27,Camisetas,160.53,23,4.2
P0028,Outdoor Gear 28,Chaquetas,61.44,11,4.3
P0029,Outdoor Gear 29,Pantalones,208.76,92,4.0
P0030,Outdoor Gear 30,Zapatos,237.25,103,4.5
P0031,Outdoor Gear 31,Mochilas,150.4,159,4.8
P0032,Outdoor Gear 32,Chaquetas,225.76,94,3.5
P0033,Outdoor Gear 33,Camisetas,121.06,22,3.5
P0034,Outdoor Gear 34,Zapatos,277.42,74,3.4
P0035,Outdoor Gear 35,Pantalones,168.06,171,3.9
P0036,Outdoor Gear 36,Chaquetas,109.4,31,3.4
P0037,Outdoor Gear 37,Pantalones,256.67,89,4.8
P0038,Outdoor Gear 38,Pantalones,69.63,50,3.4
P0039,Outdoor Gear 39,Chaquetas,27.26,160,4.5
P0040,Outdoor Gear 40,Accesorios,165.47,58,5.0
P0041,Outdoor Gear 41,Mochilas,230.45,90,4.4
P0042,Outdoor Gear 42,Accesorios,240.92,96,4.7
P0043,Outdoor Gear 43,Mochilas,155.34,39,3.3
P0044,Outdoor Gear 44,Mochilas,267.18,74,3.8
P0045,Outdoor Gear 45,Camisetas,241.77,61,4.5
P0046,Outdoor Gear 46,Chaquetas,62.67,118,3.8
P0047,Outdoor Gear 47,Pantalones,230.93,55,4.0
P0048,Outdoor Gear 48,Chaquetas,134.2,20,3.7
P0049,Outdoor Gear 49,Zapatos,108.86,81,3.1
P0050,Outdoor Gear 50,Pantalones,195.97,190,4.3
P0051,Outdoor Gear 51,Accesorios,211.69,59,4.0
P0052,Outdoor Gear 52,Accesorios,286.69,71,3.3
P0053,Outdoor Gear 53,Chaquetas,125.59,8,4.0
P0054,Outdoor Gear 54,Chaquetas,24.86,183,4.7
P0055,Outdoor Gear 55,Zapatos,290.94,78,4.0
P0056,Outdoor Gear 56,Mochilas,270.69,0,4.7
P0057,Outdoor Gear 57,Pantalones,75.08,78,3.1
P0058,Outdoor Gear 58,Zapatos,235.61,157,4.3
P0059,Outdoor Gear 59,Camisetas,217.26,49,5.0
P0060,Outdoor Gear 60,Pantalones,176.68,160,4.2
P0061,Outdoor Gear 61,Accesorios,125.58,46,4.2
P0062,Outdoor Gear 62,Mochilas,197.4,76,4.3
P0063,Outdoor Gear 63,Camisetas,295.98,171,3.5
P0064,Outdoor Gear 64,Zapatos,87.47,146,3.6
P0065,Outdoor Gear 65,Mochilas,121.94,134,3.1
P0066,Outdoor Gear 66,Mochilas,183.34,41,4.8
P0067,Outdoor Gear 67,Chaquetas,119.39,142,4.9
P0068,Outdoor Gear 68,Mochilas,181.63,88,3.2
P0069,Outdoor Gear 69,Zapatos,221.6,85,4.8
P0070,Outdoor Gear 70,Accesorios,74.01,129,3.6
P0071,Outdoor Gear 71,Chaquetas,69.82,40,3.9
P0072,Outdoor Gear 72,Mochilas,32.84,160,4.0
P0073,Outdoor Gear 73,Accesorios,249.1,38,3.1
P0074,Outdoor Gear 74,Chaquetas,257.75,109,4.5
P0075,Outdoor Gear 75,Accesorios,154.95,119,4.6
P0076,Outdoor Gear 76,Zapatos,97.97,49,4.3
P0077,Outdoor Gear 77,Mochilas,48.14,115,4.8
P0078,Outdoor Gear 78,Camisetas,21.8,12,4.8
P0079,Outdoor Gear 79,Chaquetas,195.02,54,4.7
P0080,Outdoor Gear 80,Chaquetas,296.74,171,3.5
P0081,Outdoor Gear 81,Accesorios,193.88,166,4.2
P0082,Outdoor Gear 82,Mochilas,260.48,19,3.0
P0083,Outdoor Gear 83,Zapatos,144.92,139,3.1
P0084,Outdoor Gear 84,Accesorios,107.84,136,4.2
P0085,Outdoor Gear 85,Chaquetas,276.72,99,3.4
P0086,Outdoor Gear 86,Zapatos,23.18,15,4.0
P0087,Outdoor Gear 87,Pantalones,89.07,17,4.8
P0088,Outdoor Gear 88,Mochilas,46.45,3,4.8
P0089,Outdoor Gear 89,Zapatos,285.85,59,4.7
P0090,Outdoor Gear 90,Camisetas,282.24,171,4.2
P0091,Outdoor Gear 91,Mochilas,66.84,78,4.7
P0092,Outdoor Gear 92,Pantalones,47.13,27,4.3
P0093,Outdoor Gear 93,Mochilas,262.62,4,4.1
P0094,Outdoor Gear 94,Camisetas,233.53,82,4.6
P0095,Outdoor Gear 95,Camisetas,45.28,14,3.5
P0096,Outdoor Gear 96,Pantalones,60.86,57,3.6
P0097,Outdoor Gear 97,Mochilas,130.88,106,4.0
P0098,Outdoor Gear 98,Chaquetas,205.05,194,3.2
P0099,Outdoor Gear 99,Zapatos,245.18,44,3.2
P0100,Outdoor Gear 100,Mochilas,210.74,106,3.5
P0101,Outdoor Gear 101,Chaquetas,112.71,121,3.2
P0102,Outdoor Gear 102,Pantalones,39.93,156,4.3
P0103,Outdoor Gear 103,Zapatos,67.97,195,3.6
P0104,Outdoor Gear 104,Camisetas,134.66,148,3.7
P0105,Outdoor Gear 105,Accesorios,241.25,51,4.0
P0106,Outdoor Gear 106,Mochilas,264.51,178,4.7
P0107,Outdoor Gear 107,Zapatos,137.73,27,4.2
P0108,Outdoor Gear 108,Zapatos,210.54,86,4.6
P0109,Outdoor Gear 109,Camisetas,77.6,60,4.4
P0110,Outdoor Gear 110,Accesorios,87.85,151,3.8
P0111,Outdoor Gear 111,Pantalones,109.95,194,4.3
P0112,Outdoor Gear 112,Camisetas,162.31,33,3.4
P0113,Outdoor Gear 113,Zapatos,44.27,144,4.2
P0114,Outdoor Gear 114,Accesorios,44.58,116,3.0
P0115,Outdoor Gear 115,Camisetas,80.36,177,4.4
P0116,Outdoor Gear 116,Chaquetas,291.71,36,3.2
P0117,Outdoor Gear 117,Accesorios,59.57,119,4.8
P0118,Outdoor Gear 118,Camisetas,81.07,31,4.5
P0119,Outdoor Gear 119,Mochilas,60.02,100,3.0
P0120,Outdoor Gear 120,Pantalones,141.97,104,4.6
P0121,Outdoor Gear 121,Accesorios,203.43,44,4.6
P0122,Outdoor Gear 122,Chaquetas,281.45,171,3.2
P0123,Outdoor Gear 123,Camisetas,282.08,133,3.5
P0124,Outdoor Gear 124,Camisetas,205.0,115,3.8
P0125,Outdoor Gear 125,Accesorios,22.68,188,3.2
P0126,Outdoor Gear 126,Mochilas,242.34,103,3.4
P0127,Outdoor Gear 127,Accesorios,188.77,130,3.6
P0128,Outdoor Gear 128,Chaquetas,131.37,21,4.4
P0129,Outdoor Gear 129,Pantalones,75.0,77,4.7
P0130,Outdoor Gear 130,Zapatos,164.72,20,3.6
P0131,Outdoor Gear 131,Camisetas,151.34,34,3.6
P0132,Outdoor Gear 132,Accesorios,54.28,191,3.8
P0133,Outdoor Gear 133,Pantalones,254.44,99,4.9
P0134,Outdoor Gear 134,Camisetas,85.99,72,3.7
P0135,Outdoor Gear 135,Accesorios,22.76,96,4.9
P0136,Outdoor Gear 136,Mochilas,162.55,111,4.1
P0137,Outdoor Gear 137,Chaquetas,197.94,115,4.5
P0138,Outdoor Gear 138,Pantalones,142.96,102,4.7
P0139,Outdoor Gear 139,Accesorios,110.62,47,3.4
P0140,Outdoor Gear 140,Camisetas,62.35,32,4.9
P0141,Outdoor Gear 141,Zapatos,109.16,196,4.2
P0142,Outdoor Gear 142,Accesorios,198.24,108,4.6
P0143,Outdoor Gear 143,Pantalones,276.41,94,4.9
P0144,Outdoor Gear 144,Camisetas,40.98,175,4.0
P0145,Outdoor Gear 145,Pantalones,248.54,155,4.2
P0146,Outdoor Gear 146,Zapatos,281.18,166,4.3
P0147,Outdoor Gear 147,Chaquetas,32.44,15,3.7
P0148,Outdoor Gear 148,Zapatos,69.37,156,3.4
P0149,Outdoor Gear 149,Chaquetas,97.38,132,3.4
P0150,Outdoor Gear 150,Pantalones,119.01,68,4.4
P0151,Outdoor Gear 151,Zapatos,118.87,0,4.8
P0152,Outdoor Gear 152,Mochilas,78.52,121,4.3
P0153,Outdoor Gear 153,Pantalones,137.56,51,4.9
P0154,Outdoor Gear 154,Mochilas,80.71,125,5.0
P0155,Outdoor Gear 155,Chaquetas,266.03,121,4.6
P0156,Outdoor Gear 156,Camisetas,172.25,45,4.9
P0157,Outdoor Gear 157,Mochilas,294.37,12,3.5
P0158,Outdoor Gear 158,Zapatos,21.86,150,4.0
P0159,Outdoor Gear 159,Mochilas,257.37,27,4.0
P0160,Outdoor Gear 160,Mochilas,207.2,137,3.1
P0161,Outdoor Gear 161,Mochilas,137.92,197,3.9
P0162,Outdoor Gear 162,Camisetas,36.5,74,4.4
P0163,Outdoor Gear 163,Chaquetas,89.09,104,3.4
P0164,Outdoor Gear 164,Accesorios,250.48,8,3.7
P0165,Outdoor Gear 165,Zapatos,139.85,145,4.8
P0166,Outdoor Gear 166,Pantalones,69.01,1,3.3
P0167,Outdoor Gear 167,Camisetas,94.35,177,4.9
P0168,Outdoor Gear 168,Chaquetas,261.64,101,4.6
P0169,Outdoor Gear 169,Zapatos,250.96,136,4.0
P0170,Outdoor Gear 170,Camisetas,232.42,47,4.2
P0171,Outdoor Gear 171,Chaquetas,220.37,40,3.1
P0172,Outdoor Gear 172,Accesorios,205.46,194,4.8
P0173,Outdoor Gear 173,Pantalones,104.57,182,3.9
P0174,Outdoor Gear 174,Zapatos,238.02,182,3.5
P0175,Outdoor Gear 175,Zapatos,281.98,135,3.5
P0176,Outdoor Gear 176,Mochilas,73.65,130,3.1
P0177,Outdoor Gear 177,Chaquetas,219.9,22,3.0
P0178,Outdoor Gear 178,Mochilas,22.68,22,3.2
P0179,Outdoor Gear 179,Mochilas,114.5,67,4.2
P0180,Outdoor Gear 180,Chaquetas,193.85,79,3.1
P0181,Outdoor Gear 181,Mochilas,271.71,118,4.3
P0182,Outdoor Gear 182,Pantalones,119.88,189,4.2
P0183,Outdoor Gear 183,Zapatos,191.05,163,3.7
P0184,Outdoor Gear 184,Accesorios,203.0,87,4.6
P0185,Outdoor Gear 185,Zapatos,172.12,109,4.4
P0186,Outdoor Gear 186,Chaquetas,133.55,175,4.1
P0187,Outdoor Gear 187,Chaquetas,37.42,97,3.8
P0188,Outdoor Gear 188,Accesorios,41.75,123,4.8
P0189,Outdoor Gear 189,Camisetas,134.88,198,3.4
P0190,Outdoor Gear 190,Mochilas,91.89,52,4.9
P0191,Outdoor Gear 191,Mochilas,68.55,20,4.1
P0192,Outdoor Gear 192,Mochilas,227.96,67,4.7
P0193,Outdoor Gear 193,Mochilas,149.81,196,4.7
P0194,Outdoor Gear 194,Accesorios,100.65,104,4.8
P0195,Outdoor Gear 195,Chaquetas,33.5,74,3.7
P0196,Outdoor Gear 196,Zapatos,154.76,32,4.9
P0197,Outdoor Gear 197,Zapatos,173.04,196,4.7
P0198,Outdoor Gear 198,Mochilas,273.66,133,5.0
P0199,Outdoor Gear 199,Chaquetas,68.36,7,3.4
P0200,Outdoor Gear 200,Pantalones,274.82,199,4.0
P0201,Outdoor Gear 201,Pantalones,172.01,163,3.7
P0202,Outdoor Gear 202,Chaquetas,99.98,6,4.8
P0203,Outdoor Gear 203,Zapatos,82.36,146,3.2
P0204,Outdoor Gear 204,Accesorios,95.76,4,3.0
P0205,Outdoor Gear 205,Pantalones,21.6,172,4.1
P0206,Outdoor Gear 206,Chaquetas,187.21,10,3.1
P0207,Outdoor Gear 207,Camisetas,250.54,200,4.1
P0208,Outdoor Gear 208,Pantalones,147.84,168,3.2
P0209,Outdoor Gear 209,Camisetas,190.65,135,4.4
P0210,Outdoor Gear 210,Mochilas,120.34,190,5.0
P0211,Outdoor Gear 211,Accesorios,233.72,14,3.9
P0212,Outdoor Gear 212,Accesorios,95.02,79,3.3
P0213,Outdoor Gear 213,Camisetas,32.64,15,4.7
P0214,Outdoor Gear 214,Pantalones,138.65,163,4.0
P0215,Outdoor Gear 215,Zapatos,285.56,194,3.7
P0216,Outdoor Gear 216,Zapatos,139.75,33,4.8
P0217,Outdoor Gear 217,Chaquetas,145.43,166,4.9
P0218,Outdoor Gear 218,Camisetas,243.78,104,3.4
P0219,Outdoor Gear 219,Pantalones,118.41,47,4.2
P0220,Outdoor Gear 220,Camisetas,110.38,79,3.8
P0221,Outdoor Gear 221,Zapatos,168.3,120,3.4
P0222,Outdoor Gear 222,Chaquetas,125.22,7,3.3
P0223,Outdoor Gear 223,Accesorios,69.54,0,4.6
P0224,Outdoor Gear 224,Accesorios,22.02,65,4.3
P0225,Outdoor Gear 225,Chaquetas,194.62,104,3.7
P0226,Outdoor Gear 226,Mochilas,246.52,44,4.9
P0227,Outdoor Gear 227,Accesorios,68.88,63,3.1
P0228,Outdoor Gear 228,Zapatos,226.56,99,4.8
P0229,Outdoor Gear 229,Camisetas,227.74,38,3.1
P0230,Outdoor Gear 230,Camisetas,248.86,65,4.5
P0231,Outdoor Gear 231,Camisetas,126.73,157,3.0
P0232,Outdoor Gear 232,Mochilas,235.77,2,4.3
P0233,Outdoor Gear 233,Chaquetas,101.98,100,4.8
P0234,Outdoor Gear 234,Accesorios,117.15,127,3.5
P0235,Outdoor Gear 235,Chaquetas,243.86,76,4.6
P0236,Outdoor Gear 236,Mochilas,159.27,166,3.9
P0237,Outdoor Gear 237,Pantalones,237.6,119,3.1
P0238,Outdoor Gear 238,Camisetas,241.68,2,3.1
P0239,Outdoor Gear 239,Pantalones,234.67,15,3.8
P0240,Outdoor Gear 240,Pantalones,155.96,103,3.4
P0241,Outdoor Gear 241,Chaquetas,165.89,32,3.3
P0242,Outdoor Gear 242,Camisetas,261.65,10,3.9
P0243,Outdoor Gear 243,Zapatos,166.59,28,3.2
P0244,Outdoor Gear 244,Pantalones,116.35,17,3.6
P0245,Outdoor Gear 245,Mochilas,148.38,159,4.7
P0246,Outdoor Gear 246,Camisetas,111.1,146,4.4
P0247,Outdoor Gear 247,Mochilas,196.66,106,3.2
P0248,Outdoor Gear 248,Camisetas,183.12,171,4.2
P0249,Outdoor Gear 249,Zapatos,288.19,125,3.1
P0250,Outdoor Gear 250,Camisetas,270.24,160,4.2
P0251,Outdoor Gear 251,Camisetas,232.47,10,4.6
P0252,Outdoor Gear 252,Chaquetas,78.33,19,4.2
P0253,Outdoor Gear 253,Pantalones,180.54,191,3.2
P0254,Outdoor Gear 254,Pantalones,129.98,14,3.8
P0255,Outdoor Gear 255,Chaquetas,254.3,167,3.3
P0256,Outdoor Gear 256,Zapatos,237.51,57,4.3
P0257,Outdoor Gear 257,Mochilas,167.17,84,3.0
P0258,Outdoor Gear 258,Accesorios,298.1,40,4.8
P0259,Outdoor Gear 259,Chaquetas,222.98,125,4.2
P0260,Outdoor Gear 260,Chaquetas,165.14,18,4.6
P0261,Outdoor Gear 261,Accesorios,49.6,5,3.5
P0262,Outdoor Gear 262,Pantalones,160.58,0,3.7
P0263,Outdoor Gear 263,Accesorios,20.44,172,3.2
P0264,Outdoor Gear 264,Pantalones,186.6,1,4.6
P0265,Outdoor Gear 265,Camisetas,177.53,103,3.4
P0266,Outdoor Gear 266,Chaquetas,212.27,121,4.3
P0267,Outdoor Gear 267,Accesorios,134.61,11,4.2
P0268,Outdoor Gear 268,Zapatos,51.64,162,3.4
P0269,Outdoor Gear 269,Mochilas,36.59,177,4.7
P0270,Outdoor Gear 270,Accesorios,191.15,25,4.7
P0271,Outdoor Gear 271,Pantalones,173.99,20,4.9
P0272,Outdoor Gear 272,Accesorios,255.2,50,3.4
P0273,Outdoor Gear 273,Chaquetas,279.51,141,3.3
P0274,Outdoor Gear 274,Zapatos,78.13,170,3.5
P0275,Outdoor Gear 275,Zapatos,26.84,19,4.0
P0276,Outdoor Gear 276,Camisetas,189.3,157,5.0
P0277,Outdoor Gear 277,Pantalones,75.82,163,4.3
P0278,Outdoor Gear 278,Pantalones,138.65,189,3.7
P0279,Outdoor Gear 279,Chaquetas,268.68,143,3.7
P0280,Outdoor Gear 280,Zapatos,215.87,78,3.0
P0281,Outdoor Gear 281,Chaquetas,237.82,170,4.9
P0282,Outdoor Gear 282,Mochilas,88.99,193,3.9
P0283,Outdoor Gear 283,Zapatos,192.82,186,3.7
P0284,Outdoor Gear 284,Zapatos,286.51,13,3.3
P0285,Outdoor Gear 285,Pantalones,101.97,161,4.0
P0286,Outdoor Gear 286,Chaquetas,231.59,54,4.8
P0287,Outdoor Gear 287,Camisetas,85.1,107,3.2
P0288,Outdoor Gear 288,Zapatos,116.03,157,4.4
P0289,Outdoor Gear 289,Camisetas,187.79,55,3.8
P0290,Outdoor Gear 290,Chaquetas,107.92,114,4.9
P0291,Outdoor Gear 291,Pantalones,71.43,75,4.5
P0292,Outdoor Gear 292,Zapatos,110.74,192,4.9
P0293,Outdoor Gear 293,Mochilas,201.76,173,3.2
P0294,Outdoor Gear 294,Chaquetas,166.69,9,3.2
P0295,Outdoor Gear 295,Mochilas,31.64,1,4.7
P0296,Outdoor Gear 296,Accesorios,130.25,183,3.9
P0297,Outdoor Gear 297,Accesorios,51.57,137,3.4
P0298,Outdoor Gear 298,Zapatos,198.08,78,3.4
P0299,Outdoor Gear 299,Chaquetas,56.25,93,3.9
P0300,Outdoor Gear 300,Pantalones,253.73,10,3.2
P0301,Outdoor Gear 301,Pantalones,74.06,57,3.5
P0302,Outdoor Gear 302,Accesorios,97.18,132,4.5
P0303,Outdoor Gear 303,Chaquetas,289.64,144,3.8
P0304,Outdoor Gear 304,Pantalones,135.98,171,3.9
P0305,Outdoor Gear 305,Accesorios,167.69,80,3.7
P0306,Outdoor Gear 306,Accesorios,54.49,87,4.8
P0307,Outdoor Gear 307,Accesorios,177.72,5,3.3
P0308,Outdoor Gear 308,Chaquetas,67.15,132,4.4
P0309,Outdoor Gear 309,Chaquetas,93.54,98,4.1
P0310,Outdoor Gear 310,Camisetas,236.78,67,3.6
P0311,Outdoor Gear 311,Zapatos,250.55,15,4.3
P0312,Outdoor Gear 312,Accesorios,93.19,151,4.8
P0313,Outdoor Gear 313,Camisetas,260.24,82,4.9
P0314,Outdoor Gear 314,Mochilas,252.6,179,3.1
P0315,Outdoor Gear 315,Pantalones,187.35,64,3.2
P0316,Outdoor Gear 316,Mochilas,124.24,166,3.2
P0317,Outdoor Gear 317,Camisetas,114.82,138,4.3
P0318,Outdoor Gear 318,Accesorios,266.25,18,3.8
P0319,Outdoor Gear 319,Zapatos,116.01,148,4.1
P0320,Outdoor Gear 320,Pantalones,284.95,100,4.3
P0321,Outdoor Gear 321,Chaquetas,89.39,1,4.4
P0322,Outdoor Gear 322,Zapatos,153.73,21,4.7
P0323,Outdoor Gear 323,Zapatos,238.14,175,4.8
P0324,Outdoor Gear 324,Accesorios,227.49,94,3.7
P0325,Outdoor Gear 325,Camisetas,295.35,158,3.4
P0326,Outdoor Gear 326,Mochilas,247.77,199,3.8
P0327,Outdoor Gear 327,Zapatos,61.54,78,4.2
P0328,Outdoor Gear 328,Accesorios,25.21,181,3.8
P0329,Outdoor Gear 329,Pantalones,258.64,173,3.5
P0330,Outdoor Gear 330,Zapatos,212.79,96,3.9
P0331,Outdoor Gear 331,Accesorios,232.11,83,3.7
P0332,Outdoor Gear 332,Chaquetas,42.12,161,4.5
P0333,Outdoor Gear 333,Pantalones,239.05,128,4.1
P0334,Outdoor Gear 334,Accesorios,269.2,156,3.6
P0335,Outdoor Gear 335,Mochilas,266.22,119,4.3
P0336,Outdoor Gear 336,Mochilas,21.39,17,3.2
P0337,Outdoor Gear 337,Zapatos,159.26,97,3.5
P0338,Outdoor Gear 338,Chaquetas,281.79,60,5.0
P0339,Outdoor Gear 339,Camisetas,77.98,79,4.6
P0340,Outdoor Gear 340,Mochilas,141.47,119,3.9
P0341,Outdoor Gear 341,Pantalones,296.39,189,3.2
P0342,Outdoor Gear 342,Chaquetas,137.33,75,5.0
P0343,Outdoor Gear 343,Accesorios,225.23,117,3.8
P0344,Outdoor Gear 344,Accesorios,265.77,165,5.0
P0345,Outdoor Gear 345,Zapatos,63.18,93,3.6
P0346,Outdoor Gear 346,Chaquetas,286.77,134,3.5
P0347,Outdoor Gear 347,Mochilas,248.79,196,4.5
P0348,Outdoor Gear 348,Pantalones,79.59,32,4.8
P0349,Outdoor Gear 349,Pantalones,106.66,191,3.7
P0350,Outdoor Gear 350,Accesorios,27.52,42,5.0
P0351,Outdoor Gear 351,Chaquetas,165.82,115,3.1
P0352,Outdoor Gear 352,Zapatos,224.55,168,4.6
P0353,Outdoor Gear 353,Mochilas,179.52,48,3.1
P0354,Outdoor Gear 354,Accesorios,292.37,180,4.4
P0355,Outdoor Gear 355,Zapatos,245.96,61,3.2
P0356,Outdoor Gear 356,Zapatos,86.22,88,3.2
P0357,Outdoor Gear 357,Zapatos,250.72,68,4.8
P0358,Outdoor Gear 358,Camisetas,271.58,21,4.9
P0359,Outdoor Gear 359,Accesorios,207.97,126,4.8
P0360,Outdoor Gear 360,Pantalones,287.36,59,3.4
P0361,Outdoor Gear 361,Accesorios,148.89,146,4.0
P0362,Outdoor Gear 362,Chaquetas,174.87,79,3.4
P0363,Outdoor Gear 363,Mochilas,293.65,70,3.8
P0364,Outdoor Gear 364,Zapatos,200.91,83,4.9
P0365,Outdoor Gear 365,Chaquetas,31.6,197,3.1
P0366,Outdoor Gear 366,Pantalones,149.16,183,4.5
P0367,Outdoor Gear 367,Accesorios,262.49,93,4.3
P0368,Outdoor Gear 368,Zapatos,280.66,55,3.8
P0369,Outdoor Gear 369,Accesorios,273.16,18,3.2
P0370,Outdoor Gear 370,Pantalones,99.58,142,4.8
P0371,Outdoor Gear 371,Accesorios,195.9,94,4.5
P0372,Outdoor Gear 372,Camisetas,39.65,61,3.1
P0373,Outdoor Gear 373,Zapatos,250.91,81,4.5
P0374,Outdoor Gear 374,Chaquetas,55.86,112,4.7
P0375,Outdoor Gear 375,Pantalones,219.29,25,3.6
P0376,Outdoor Gear 376,Pantalones,271.17,200,3.8
P0377,Outdoor Gear 377,Chaquetas,189.78,2,4.7
P0378,Outdoor Gear 378,Accesorios,111.78,20,4.6
P0379,Outdoor Gear 379,Camisetas,220.77,61,3.6
P0380,Outdoor Gear 380,Pantalones,164.97,158,3.3
P0381,Outdoor Gear 381,Zapatos,266.01,198,4.8
P0382,Outdoor Gear 382,Zapatos,253.05,200,3.3
P0383,Outdoor Gear 383,Accesorios,237.89,88,4.4
P0384,Outdoor Gear 384,Zapatos,38.28,86,4.3
P0385,Outdoor Gear 385,Camisetas,79.03,77,4.8
P0386,Outdoor Gear 386,Camisetas,203.51,123,4.1
P0387,Outdoor Gear 387,Chaquetas,210.89,176,4.5
P0388,Outdoor Gear 388,Pantalones,138.75,38,4.4
P0389,Outdoor Gear 389,Mochilas,76.1,69,3.0
P0390,Outdoor Gear 390,Mochilas,261.98,84,3.1
P0391,Outdoor Gear 391,Accesorios,64.12,0,4.0
P0392,Outdoor Gear 392,Pantalones,107.27,140,3.7
P0393,Outdoor Gear 393,Accesorios,22.4,139,4.7
P0394,Outdoor Gear 394,Chaquetas,243.35,179,4.3
P0395,Outdoor Gear 395,Accesorios,219.05,142,4.9
P0396,Outdoor Gear 396,Camisetas,167.41,22,4.9
P0397,Outdoor Gear 397,Accesorios,196.83,15,4.0
P0398,Outdoor Gear 398,Chaquetas,35.04,67,4.3
P0399,Outdoor Gear 399,Accesorios,78.87,48,3.6
P0400,Outdoor Gear 400,Chaquetas,69.42,192,3.1
P0401,Outdoor Gear 401,Accesorios,93.44,57,3.4
P0402,Outdoor Gear 402,Zapatos,132.12,52,4.6
P0403,Outdoor Gear 403,Mochilas,247.0,186,3.7
P0404,Outdoor Gear 404,Accesorios,96.5,141,3.5
P0405,Outdoor Gear 405,Chaquetas,227.8,130,3.4
P0406,Outdoor Gear 406,Pantalones,91.14,155,3.9
P0407,Outdoor Gear 407,Zapatos,217.77,91,4.8
P0408,Outdoor Gear 408,Zapatos,65.95,173,3.1
P0409,Outdoor Gear 409,Chaquetas,243.81,116,3.6
P0410,Outdoor Gear 410,Zapatos,287.68,75,3.1
P0411,Outdoor Gear 411,Pantalones,105.39,138,3.3
P0412,Outdoor Gear 412,Camisetas,89.4,39,4.5
P0413,Outdoor Gear 413,Camisetas,289.16,109,4.2
P0414,Outdoor Gear 414,Chaquetas,263.86,120,3.7
P0415,Outdoor Gear 415,Mochilas,135.68,24,4.4
P0416,Outdoor Gear 416,Mochilas,256.86,188,3.0
P0417,Outdoor Gear 417,Camisetas,41.32,41,4.7
P0418,Outdoor Gear 418,Zapatos,263.78,26,3.9
P0419,Outdoor Gear 419,Mochilas,126.62,102,4.1
P0420,Outdoor Gear 420,Accesorios,107.75,125,4.2
P0421,Outdoor Gear 421,Pantalones,183.42,158,3.2
P0422,Outdoor Gear 422,Camisetas,49.48,92,3.8
P0423,Outdoor Gear 423,Accesorios,82.65,59,4.7
P0424,Outdoor Gear 424,Accesorios,99.95,69,3.7
P0425,Outdoor Gear 425,Pantalones,56.87,164,3.4
P0426,Outdoor Gear 426,Mochilas,233.26,49,4.0
P0427,Outdoor Gear 427,Camisetas,95.11,63,3.5
P0428,Outdoor Gear 428,Chaquetas,136.38,159,4.5
P0429,Outdoor Gear 429,Mochilas,169.42,69,5.0
P0430,Outdoor Gear 430,Pantalones,25.56,170,4.4
P0431,Outdoor Gear 431,Camisetas,172.64,193,3.3
P0432,Outdoor Gear 432,Zapatos,191.04,158,3.8
P0433,Outdoor Gear 433,Camisetas,111.23,186,4.2
P0434,Outdoor Gear 434,Mochilas,176.35,0,3.4
P0435,Outdoor Gear 435,Pantalones,227.25,124,3.7
P0436,Outdoor Gear 436,Camisetas,258.38,97,4.7
P0437,Outdoor Gear 437,Pantalones,290.12,187,3.9
P0438,Outdoor Gear 438,Pantalones,93.01,95,4.9
P0439,Outdoor Gear 439,Zapatos,277.94,123,3.1
P0440,Outdoor Gear 440,Chaquetas,79.28,2,4.8
P0441,Outdoor Gear 441,Camisetas,269.18,142,3.8
P0442,Outdoor Gear 442,Camisetas,96.39,8,3.7
P0443,Outdoor Gear 443,Zapatos,31.88,200,3.4
P0444,Outdoor Gear 444,Zapatos,145.11,112,3.1
P0445,Outdoor Gear 445,Zapatos,164.64,190,4.6
P0446,Outdoor Gear 446,Chaquetas,258.52,16,4.7
P0447,Outdoor Gear 447,Mochilas,93.45,65,4.7
P0448,Outdoor Gear 448,Chaquetas,146.0,12,4.7
P0449,Outdoor Gear 449,Mochilas,32.1,92,4.4
P0450,Outdoor Gear 450,Chaquetas,62.96,71,4.7
P0451,Outdoor Gear 451,Mochilas,254.3,150,3.3
P0452,Outdoor Gear 452,Zapatos,44.33,129,3.2
P0453,Outdoor Gear 453,Mochilas,197.74,80,3.2
P0454,Outdoor Gear 454,Zapatos,112.92,8,3.2
P0455,Outdoor Gear 455,Chaquetas,230.41,200,4.8
P0456,Outdoor Gear 456,Mochilas,128.74,187,4.2
P0457,Outdoor Gear 457,Chaquetas,253.2,189,3.7
P0458,Outdoor Gear 458,Mochilas,258.14,128,4.6
P0459,Outdoor Gear 459,Pantalones,225.99,66,3.9
P0460,Outdoor Gear 460,Zapatos,292.7,176,4.9
P0461,Outdoor Gear 461,Zapatos,239.03,129,4.3
P0462,Outdoor Gear 462,Chaquetas,127.72,168,4.0
P0463,Outdoor Gear 463,Accesorios,86.4,37,4.0
P0464,Outdoor Gear 464,Pantalones,283.19,115,4.0
P0465,Outdoor Gear 465,Camisetas,78.11,94,4.4
P0466,Outdoor Gear 466,Pantalones,144.57,124,4.7
P0467,Outdoor Gear 467,Zapatos,117.75,84,4.6
P0468,Outdoor Gear 468,Chaquetas,165.32,178,3.6
P0469,Outdoor Gear 469,Camisetas,149.13,24,3.0
P0470,Outdoor Gear 470,Camisetas,160.25,83,4.3
P0471,Outdoor Gear 471,Chaquetas,132.02,123,3.8
P0472,Outdoor Gear 472,Pantalones,71.06,155,4.4
P0473,Outdoor Gear 473,Zapatos,196.62,112,5.0
P0474,Outdoor Gear 474,Pantalones,290.47,188,4.7
P0475,Outdoor Gear 475,Pantalones,177.87,3,4.7
P0476,Outdoor Gear 476,Pantalones,273.85,94,4.6
P0477,Outdoor Gear 477,Pantalones,25.97,141,4.6
P0478,Outdoor Gear 478,Chaquetas,180.39,196,3.2
P0479,Outdoor Gear 479,Mochilas,33.56,14,3.8
P0480,Outdoor Gear 480,Pantalones,99.47,28,3.2
P0481,Outdoor Gear 481,Camisetas,223.01,105,4.3
P0482,Outdoor Gear 482,Mochilas,292.8,140,3.7
P0483,Outdoor Gear 483,Zapatos,295.69,171,4.2
P0484,Outdoor Gear 484,Zapatos,280.88,176,3.0
P0485,Outdoor Gear 485,Accesorios,249.57,145,3.1
P0486,Outdoor Gear 486,Pantalones,75.91,17,3.1
P0487,Outdoor Gear 487,Camisetas,232.03,190,3.9
P0488,Outdoor Gear 488,Accesorios,176.22,37,3.7
P0489,Outdoor Gear 489,Accesorios,240.81,122,4.5
P0490,Outdoor Gear 490,Zapatos,297.57,61,3.7
P0491,Outdoor Gear 491,Zapatos,223.78,117,3.7
P0492,Outdoor Gear 492,Camisetas,77.23,27,4.3
P0493,Outdoor Gear 493,Pantalones,156.26,174,3.3
P0494,Outdoor Gear 494,Chaquetas,244.48,64,3.4
P0495,Outdoor Gear 495,Accesorios,161.3,58,4.5
P0496,Outdoor Gear 496,Camisetas,58.77,64,3.2
P0497,Outdoor Gear 497,Pantalones,208.18,198,3.4
P0498,Outdoor Gear 498,Camisetas,293.63,128,4.1
P0499,Outdoor Gear 499,Zapatos,52.47,24,4.8
P0500,Outdoor Gear 500,Mochilas,130.13,126,4.0
P0501,Outdoor Gear 501,Chaquetas,106.64,196,4.5
P0502,Outdoor Gear 502,Accesorios,126.03,199,4.6
P0503,Outdoor Gear 503,Pantalones,281.12,101,4.8
P0504,Outdoor Gear 504,Mochilas,77.72,192,3.1
P0505,Outdoor Gear 505,Chaquetas,107.2,117,3.8
P0506,Outdoor Gear 506,Zapatos,127.81,194,4.2
P0507,Outdoor Gear 507,Zapatos,90.6,95,4.2
P0508,Outdoor Gear 508,Pantalones,42.66,183,3.0
P0509,Outdoor Gear 509,Accesorios,111.72,48,4.2
P0510,Outdoor Gear 510,Mochilas,78.86,78,4.2
P0511,Outdoor Gear 511,Camisetas,244.43,125,3.8
P0512,Outdoor Gear 512,Zapatos,167.59,74,4.2
P0513,Outdoor Gear 513,Chaquetas,178.87,29,4.5
P0514,Outdoor Gear 514,Accesorios,283.97,36,4.4
P0515,Outdoor Gear 515,Chaquetas,119.14,160,4.6
P0516,Outdoor Gear 516,Zapatos,89.88,195,4.0
P0517,Outdoor Gear 517,Accesorios,74.06,151,4.3
P0518,Outdoor Gear 518,Zapatos,85.62,29,4.3
P0519,Outdoor Gear 519,Camisetas,65.45,79,4.0
P0520,Outdoor Gear 520,Pantalones,218.73,164,3.3
P0521,Outdoor Gear 521,Zapatos,114.67,4,3.5
P0522,Outdoor Gear 522,Accesorios,262.74,76,4.8
P0523,Outdoor Gear 523,Camisetas,245.93,166,3.7
P0524,Outdoor Gear 524,Pantalones,55.85,41,4.4
P0525,Outdoor Gear 525,Zapatos,240.67,150,4.7
P0526,Outdoor Gear 526,Camisetas,189.22,93,3.4
P0527,Outdoor Gear 527,Mochilas,149.8,125,3.7
P0528,Outdoor Gear 528,Chaquetas,280.74,103,4.9
P0529,Outdoor Gear 529,Chaquetas,183.53,59,4.2
P0530,Outdoor Gear 530,Accesorios,247.3,179,3.1
P0531,Outdoor Gear 531,Mochilas,254.33,92,4.4
P0532,Outdoor Gear 532,Zapatos,137.5,13,3.8
P0533,Outdoor Gear 533,Pantalones,63.16,177,3.8
P0534,Outdoor Gear 534,Accesorios,276.24,118,4.1
P0535,Outdoor Gear 535,Accesorios,210.64,5,4.3
P0536,Outdoor Gear 536,Accesorios,157.17,91,3.2
P0537,Outdoor Gear 537,Camisetas,139.26,158,4.1
P0538,Outdoor Gear 538,Mochilas,78.45,58,3.2
P0539,Outdoor Gear 539,Camisetas,240.86,58,4.9
P0540,Outdoor Gear 540,Mochilas,228.58,143,4.7
P0541,Outdoor Gear 541,Zapatos,132.53,10,3.6
P0542,Outdoor Gear 542,Chaquetas,109.59,22,4.7
P0543,Outdoor Gear 543,Accesorios,96.36,27,3.0
P0544,Outdoor Gear 544,Accesorios,142.94,49,3.4
P0545,Outdoor Gear 545,Camisetas,62.26,121,3.4
P0546,Outdoor Gear 546,Zapatos,257.02,16,4.1
P0547,Outdoor Gear 547,Pantalones,234.17,78,4.6
P0548,Outdoor Gear 548,Zapatos,226.25,119,4.2
P0549,Outdoor Gear 549,Pantalones,110.99,59,3.9
P0550,Outdoor Gear 550,Camisetas,96.95,9,4.5
P0551,Outdoor Gear 551,Zapatos,287.75,185,4.5
P0552,Outdoor Gear 552,Camisetas,257.36,14,3.2
P0553,Outdoor Gear 553,Mochilas,225.88,135,3.3
P0554,Outdoor Gear 554,Zapatos,266.09,6,4.3
P0555,Outdoor Gear 555,Mochilas,134.24,81,4.4
P0556,Outdoor Gear 556,Camisetas,98.21,180,4.8
P0557,Outdoor Gear 557,Mochilas,76.17,50,4.0
P0558,Outdoor Gear 558,Camisetas,135.13,3,4.4
P0559,Outdoor Gear 559,Accesorios,47.96,54,3.1
P0560,Outdoor Gear 560,Chaquetas,93.85,83,3.0
P0561,Outdoor Gear 561,Accesorios,41.65,152,3.7
P0562,Outdoor Gear 562,Pantalones,92.22,7,4.6
P0563,Outdoor Gear 563,Camisetas,64.04,6,4.7
P0564,Outdoor Gear 564,Zapatos,139.04,82,4.1
P0565,Outdoor Gear 565,Camisetas,197.81,84,4.8
P0566,Outdoor Gear 566,Camisetas,179.14,102,4.3
P0567,Outdoor Gear 567,Camisetas,136.93,183,3.4
P0568,Outdoor Gear 568,Chaquetas,230.66,130,3.7
P0569,Outdoor Gear 569,Accesorios,272.31,78,3.3
P0570,Outdoor Gear 570,Pantalones,59.38,59,3.1
P0571,Outdoor Gear 571,Mochilas,140.58,4,4.9
P0572,Outdoor Gear 572,Zapatos,269.25,76,3.8
P0573,Outdoor Gear 573,Chaquetas,225.0,50,3.2
P0574,Outdoor Gear 574,Zapatos,252.39,87,4.3
P0575,Outdoor Gear 575,Camisetas,123.48,140,3.1
P0576,Outdoor Gear 576,Mochilas,98.89,1,4.0
P0577,Outdoor Gear 577,Pantalones,126.53,170,3.8
P0578,Outdoor Gear 578,Camisetas,26.28,130,4.5
P0579,Outdoor Gear 579,Camisetas,124.32,105,4.1
P0580,Outdoor Gear 580,Pantalones,33.07,95,4.0
P0581,Outdoor Gear 581,Chaquetas,104.35,137,3.1
P0582,Outdoor Gear 582,Chaquetas,200.57,63,3.7
P0583,Outdoor Gear 583,Camisetas,224.06,136,3.1
P0584,Outdoor Gear 584,Mochilas,294.23,171,4.8
P0585,Outdoor Gear 585,Chaquetas,206.38,50,4.3
P0586,Outdoor Gear 586,Zapatos,273.0,179,3.1
P0587,Outdoor Gear 587,Mochilas,272.77,174,3.3
P0588,Outdoor Gear 588,Accesorios,116.33,29,4.7
P0589,Outdoor Gear 589,Pantalones,44.16,6,3.6
P0590,Outdoor Gear 590,Pantalones,264.48,38,3.3
P0591,Outdoor Gear 591,Mochilas,189.66,14,4.5
P0592,Outdoor Gear 592,Mochilas,66.77,79,3.1
P0593,Outdoor Gear 593,Camisetas,273.51,85,3.0
P0594,Outdoor Gear 594,Pantalones,290.13,46,4.7
P0595,Outdoor Gear 595,Camisetas,23.24,69,3.3
P0596,Outdoor Gear 596,Chaquetas,282.75,81,4.4
P0597,Outdoor Gear 597,Camisetas,227.94,152,5.0
P0598,Outdoor Gear 598,Accesorios,133.71,62,3.8
P0599,Outdoor Gear 599,Pantalones,192.59,91,3.4
P0600,Outdoor Gear 600,Mochilas,32.53,17,3.8
P0601,Outdoor Gear 601,Camisetas,130.24,52,3.1
P0602,Outdoor Gear 602,Pantalones,159.43,169,3.5
P0603,Outdoor Gear 603,Camisetas,76.26,75,4.1
P0604,Outdoor Gear 604,Camisetas,55.22,74,4.0
P0605,Outdoor Gear 605,Mochilas,121.03,80,3.7
P0606,Outdoor Gear 606,Camisetas,279.37,99,4.0
P0607,Outdoor Gear 607,Accesorios,287.13,157,3.7
P0608,Outdoor Gear 608,Camisetas,146.96,150,3.6
P0609,Outdoor Gear 609,Camisetas,288.39,107,4.1
P0610,Outdoor Gear 610,Zapatos,112.24,26,3.8
P0611,Outdoor Gear 611,Camisetas,35.64,196,4.4
P0612,Outdoor Gear 612,Mochilas,253.23,112,4.2
P0613,Outdoor Gear 613,Mochilas,216.23,121,3.9
P0614,Outdoor Gear 614,Pantalones,139.18,114,3.2
P0615,Outdoor Gear 615,Chaquetas,195.12,199,4.6
P0616,Outdoor Gear 616,Accesorios,252.46,122,3.2
P0617,Outdoor Gear 617,Accesorios,193.73,145,4.9
P0618,Outdoor Gear 618,Zapatos,209.51,141,4.7
P0619,Outdoor Gear 619,Chaquetas,29.67,108,4.1
P0620,Outdoor Gear 620,Pantalones,49.27,167,5.0
P0621,Outdoor Gear 621,Chaquetas,175.92,9,4.4
P0622,Outdoor Gear 622,Chaquetas,196.85,178,3.5
P0623,Outdoor Gear 623,Mochilas,191.77,148,3.2
P0624,Outdoor Gear 624,Zapatos,274.4,176,3.4
P0625,Outdoor Gear 625,Zapatos,225.5,182,4.8
P0626,Outdoor Gear 626,Chaquetas,124.65,101,4.4
P0627,Outdoor Gear 627,Chaquetas,144.36,57,3.5
P0628,Outdoor Gear 628,Accesorios,71.44,125,3.8
P0629,Outdoor Gear 629,Pantalones,40.22,69,3.6
P0630,Outdoor Gear 630,Zapatos,210.92,5,4.1
P0631,Outdoor Gear 631,Accesorios,260.03,92,3.5
P0632,Outdoor Gear 632,Zapatos,246.48,141,4.8
P0633,Outdoor Gear 633,Pantalones,268.77,35,3.4
P0634,Outdoor Gear 634,Mochilas,256.27,47,3.1
P0635,Outdoor Gear 635,Accesorios,103.64,171,4.9
P0636,Outdoor Gear 636,Chaquetas,178.15,173,3.4
P0637,Outdoor Gear 637,Mochilas,150.4,10,4.0
P0638,Outdoor Gear 638,Mochilas,61.03,178,5.0
P0639,Outdoor Gear 639,Chaquetas,48.34,83,3.7
P0640,Outdoor Gear 640,Zapatos,299.67,151,4.2
P0641,Outdoor Gear 641,Zapatos,137.46,106,3.2
P0642,Outdoor Gear 642,Mochilas,217.99,62,3.2
P0643,Outdoor Gear 643,Zapatos,95.34,52,3.5
P0644,Outdoor Gear 644,Zapatos,105.3,95,3.5
P0645,Outdoor Gear 645,Chaquetas,273.32,177,4.8
P0646,Outdoor Gear 646,Pantalones,213.18,145,3.6
P0647,Outdoor Gear 647,Pantalones,69.35,120,4.9
P0648,Outdoor Gear 648,Accesorios,283.25,69,4.4
P0649,Outdoor Gear 649,Mochilas,51.47,57,3.5
P0650,Outdoor Gear 650,Camisetas,46.42,37,5.0
P0651,Outdoor Gear 651,Camisetas,221.71,88,4.4
P0652,Outdoor Gear 652,Zapatos,216.08,9,4.2
P0653,Outdoor Gear 653,Accesorios,67.89,174,4.8
P0654,Outdoor Gear 654,Zapatos,264.73,168,3.6
P0655,Outdoor Gear 655,Zapatos,68.79,111,4.3
P0656,Outdoor Gear 656,Zapatos,262.1,84,3.6
P0657,Outdoor Gear 657,Camisetas,209.73,41,4.4
P0658,Outdoor Gear 658,Accesorios,104.11,61,4.7
P0659,Outdoor Gear 659,Zapatos,151.09,79,4.3
P0660,Outdoor Gear 660,Chaquetas,266.7,90,4.9
P0661,Outdoor Gear 661,Zapatos,85.54,47,3.0
P0662,Outdoor Gear 662,Pantalones,168.36,191,4.7
P0663,Outdoor Gear 663,Accesorios,47.3,41,4.2
P0664,Outdoor Gear 664,Chaquetas,155.94,95,5.0
P0665,Outdoor Gear 665,Chaquetas,147.45,188,3.6
P0666,Outdoor Gear 666,Pantalones,218.77,98,4.1
P0667,Outdoor Gear 667,Mochilas,42.32,76,3.5
P0668,Outdoor Gear 668,Mochilas,244.41,134,4.9
P0669,Outdoor Gear 669,Mochilas,252.02,40,4.2
P0670,Outdoor Gear 670,Accesorios,81.13,115,4.2
P0671,Outdoor Gear 671,Mochilas,260.64,73,3.1
P0672,Outdoor Gear 672,Zapatos,228.01,138,3.6
P0673,Outdoor Gear 673,Zapatos,121.18,197,3.7
P0674,Outdoor Gear 674,Pantalones,35.92,174,4.3
P0675,Outdoor Gear 675,Camisetas,208.65,5,3.0
P0676,Outdoor Gear 676,Chaquetas,97.58,171,3.2
P0677,Outdoor Gear 677,Accesorios,260.87,175,4.4
P0678,Outdoor Gear 678,Zapatos,285.94,170,3.4
P0679,Outdoor Gear 679,Zapatos,125.56,167,3.7
P0680,Outdoor Gear 680,Mochilas,167.24,185,3.9
P0681,Outdoor Gear 681,Pantalones,243.3,9,3.5
P0682,Outdoor Gear 682,Zapatos,35.98,155,4.8
P0683,Outdoor Gear 683,Camisetas,145.93,81,3.0
P0684,Outdoor Gear 684,Camisetas,67.25,195,3.5
P0685,Outdoor Gear 685,Pantalones,85.66,15,3.5
P0686,Outdoor Gear 686,Zapatos,157.99,108,4.7
P0687,Outdoor Gear 687,Camisetas,296.24,41,5.0
P0688,Outdoor Gear 688,Chaquetas,89.35,37,3.9
P0689,Outdoor Gear 689,Chaquetas,253.64,54,4.2
P0690,Outdoor Gear 690,Zapatos,291.74,45,4.8
P0691,Outdoor Gear 691,Chaquetas,100.51,195,4.9
P0692,Outdoor Gear 692,Accesorios,177.25,150,4.6
P0693,Outdoor Gear 693,Pantalones,150.0,66,4.3
P0694,Outdoor Gear 694,Accesorios,39.4,177,4.1
P0695,Outdoor Gear 695,Camisetas,101.81,100,4.0
P0696,Outdoor Gear 696,Mochilas,102.66,73,4.4
P0697,Outdoor Gear 697,Chaquetas,73.14,157,4.5
P0698,Outdoor Gear 698,Mochilas,207.35,86,4.7
P0699,Outdoor Gear 699,Mochilas,194.78,69,4.3
P0700,Outdoor Gear 700,Chaquetas,251.43,52,3.4
P0701,Outdoor Gear 701,Zapatos,247.03,64,3.8
P0702,Outdoor Gear 702,Pantalones,271.04,73,3.5
P0703,Outdoor Gear 703,Zapatos,139.01,31,4.9
P0704,Outdoor Gear 704,Accesorios,144.63,40,4.7
P0705,Outdoor Gear 705,Zapatos,175.55,199,4.5
P0706,Outdoor Gear 706,Camisetas,193.98,10,3.2
P0707,Outdoor Gear 707,Accesorios,266.45,73,4.0
P0708,Outdoor Gear 708,Accesorios,100.12,185,3.7
P0709,Outdoor Gear 709,Zapatos,286.0,169,4.2
P0710,Outdoor Gear 710,Pantalones,272.83,178,4.0
P0711,Outdoor Gear 711,Chaquetas,221.07,187,4.8
P0712,Outdoor Gear 712,Pantalones,100.31,29,3.5
P0713,Outdoor Gear 713,Pantalones,264.28,178,4.2
P0714,Outdoor Gear 714,Mochilas,180.24,90,4.6
P0715,Outdoor Gear 715,Camisetas,45.17,2,4.4
P0716,Outdoor Gear 716,Camisetas,116.4,22,4.1
P0717,Outdoor Gear 717,Accesorios,99.88,189,4.3
P0718,Outdoor Gear 718,Zapatos,298.66,105,4.6
P0719,Outdoor Gear 719,Mochilas,133.61,58,4.9
P0720,Outdoor Gear 720,Camisetas,254.42,123,3.1
P0721,Outdoor Gear 721,Pantalones,272.52,80,3.4
P0722,Outdoor Gear 722,Pantalones,51.7,198,4.0
P0723,Outdoor Gear 723,Zapatos,56.11,86,3.1
P0724,Outdoor Gear 724,Mochilas,54.93,25,3.4
P0725,Outdoor Gear 725,Pantalones,134.3,1,3.1
P0726,Outdoor Gear 726,Chaquetas,279.15,199,4.6
P0727,Outdoor Gear 727,Camisetas,221.38,28,4.7
P0728,Outdoor Gear 728,Pantalones,289.26,140,3.8
P0729,Outdoor Gear 729,Chaquetas,122.68,79,3.6
P0730,Outdoor Gear 730,Accesorios,68.02,67,3.9
P0731,Outdoor Gear 731,Camisetas,60.69,159,3.4
P0732,Outdoor Gear 732,Camisetas,235.17,148,3.4
P0733,Outdoor Gear 733,Chaquetas,199.68,2,3.7
P0734,Outdoor Gear 734,Pantalones,120.16,109,5.0
P0735,Outdoor Gear 735,Chaquetas,299.61,171,3.6
P0736,Outdoor Gear 736,Accesorios,57.42,81,4.7
P0737,Outdoor Gear 737,Mochilas,238.31,3,3.3
P0738,Outdoor Gear 738,Accesorios,254.74,33,4.2
P0739,Outdoor Gear 739,Camisetas,212.19,168,3.3
P0740,Outdoor Gear 740,Camisetas,175.23,105,4.8
P0741,Outdoor Gear 741,Zapatos,43.94,92,3.5
P0742,Outdoor Gear 742,Mochilas,103.35,17,3.3
P0743,Outdoor Gear 743,Pantalones,118.67,147,4.0
P0744,Outdoor Gear 744,Chaquetas,155.52,33,4.9
P0745,Outdoor Gear 745,Mochilas,238.16,165,3.4
P0746,Outdoor Gear 746,Zapatos,147.18,18,4.6
P0747,Outdoor Gear 747,Chaquetas,114.78,50,3.6
P0748,Outdoor Gear 748,Accesorios,232.62,56,4.6
P0749,Outdoor Gear 749,Mochilas,218.86,186,4.1
P0750,Outdoor Gear 750,Camisetas,194.13,122,4.3
P0751,Outdoor Gear 751,Camisetas,115.12,55,4.6
P0752,Outdoor Gear 752,Pantalones,38.61,88,4.2
P0753,Outdoor Gear 753,Chaquetas,288.41,151,4.7
P0754,Outdoor Gear 754,Chaquetas,281.16,199,3.1
P0755,Outdoor Gear 755,Chaquetas,165.7,138,4.1
P0756,Outdoor Gear 756,Accesorios,209.35,183,4.1
P0757,Outdoor Gear 757,Chaquetas,236.92,196,3.0
P0758,Outdoor Gear 758,Accesorios,153.21,102,4.3
P0759,Outdoor Gear 759,Mochilas,100.4,4,4.1
P0760,Outdoor Gear 760,Zapatos,161.66,116,4.3
P0761,Outdoor Gear 761,Camisetas,132.25,194,3.2
P0762,Outdoor Gear 762,Zapatos,287.37,20,4.2
P0763,Outdoor Gear 763,Zapatos,269.25,34,4.1
P0764,Outdoor Gear 764,Zapatos,263.78,137,5.0
P0765,Outdoor Gear 765,Mochilas,155.01,49,3.7
P0766,Outdoor Gear 766,Mochilas,128.35,101,3.9
P0767,Outdoor Gear 767,Zapatos,280.42,146,3.2
P0768,Outdoor Gear 768,Accesorios,209.88,84,4.7
P0769,Outdoor Gear 769,Pantalones,258.99,98,3.2
P0770,Outdoor Gear 770,Accesorios,54.27,136,4.4
P0771,Outdoor Gear 771,Camisetas,161.75,159,4.1
P0772,Outdoor Gear 772,Camisetas,97.28,187,3.0
P0773,Outdoor Gear 773,Pantalones,90.85,157,3.6
P0774,Outdoor Gear 774,Chaquetas,136.04,56,4.1
P0775,Outdoor Gear 775,Zapatos,188.47,105,3.3
P0776,Outdoor Gear 776,Zapatos,63.43,64,3.1
P0777,Outdoor Gear 777,Accesorios,87.06,93,4.5
P0778,Outdoor Gear 778,Mochilas,113.2,118,4.3
P0779,Outdoor Gear 779,Accesorios,36.31,42,4.5
P0780,Outdoor Gear 780,Mochilas,206.96,129,5.0
P0781,Outdoor Gear 781,Chaquetas,73.67,53,3.1
P0782,Outdoor Gear 782,Pantalones,224.88,15,4.3
P0783,Outdoor Gear 783,Chaquetas,285.19,108,4.2
P0784,Outdoor Gear 784,Zapatos,195.56,59,3.1
P0785,Outdoor Gear 785,Pantalones,193.28,186,4.8
P0786,Outdoor Gear 786,Mochilas,236.67,27,3.7
P0787,Outdoor Gear 787,Accesorios,137.97,55,4.9
P0788,Outdoor Gear 788,Accesorios,47.68,176,4.9
P0789,Outdoor Gear 789,Camisetas,75.59,102,3.4
P0790,Outdoor Gear 790,Mochilas,98.95,187,4.0
P0791,Outdoor Gear 791,Pantalones,135.89,30,4.9
P0792,Outdoor Gear 792,Zapatos,267.98,123,5.0
P0793,Outdoor Gear 793,Zapatos,229.51,101,4.2
P0794,Outdoor Gear 794,Chaquetas,169.64,193,4.0
P0795,Outdoor Gear 795,Mochilas,198.72,167,4.1
P0796,Outdoor Gear 796,Accesorios,204.15,143,4.6
P0797,Outdoor Gear 797,Accesorios,228.17,116,4.7
P0798,Outdoor Gear 798,Camisetas,247.25,0,3.8
P0799,Outdoor Gear 799,Mochilas,216.04,25,4.4
P0800,Outdoor Gear 800,Pantalones,152.01,154,4.3
P0801,Outdoor Gear 801,Mochilas,50.22,110,3.2
P0802,Outdoor Gear 802,Pantalones,146.93,48,3.6
P0803,Outdoor Gear 803,Zapatos,137.27,184,4.7
P0804,Outdoor Gear 804,Chaquetas,199.73,67,3.0
P0805,Outdoor Gear 805,Pantalones,143.31,2,3.5
P0806,Outdoor Gear 806,Pantalones,193.36,37,4.2
P0807,Outdoor Gear 807,Camisetas,163.65,73,3.9
P0808,Outdoor Gear 808,Pantalones,154.77,4,3.6
P0809,Outdoor Gear 809,Mochilas,75.02,1,3.3
P0810,Outdoor Gear 810,Mochilas,257.48,13,3.5
P0811,Outdoor Gear 811,Camisetas,243.07,1,3.2
P0812,Outdoor Gear 812,Pantalones,82.02,154,4.4
P0813,Outdoor Gear 813,Zapatos,107.98,9,3.6
P0814,Outdoor Gear 814,Camisetas,224.21,21,4.4
P0815,Outdoor Gear 815,Accesorios,219.7,51,4.5
P0816,Outdoor Gear 816,Zapatos,130.75,118,4.8
P0817,Outdoor Gear 817,Accesorios,179.67,111,3.6
P0818,Outdoor Gear 818,Pantalones,195.56,4,5.0
P0819,Outdoor Gear 819,Accesorios,97.8,112,3.2
P0820,Outdoor Gear 820,Zapatos,65.1,116,3.7
P0821,Outdoor Gear 821,Mochilas,257.47,175,4.9
P0822,Outdoor Gear 822,Pantalones,99.13,75,3.6
P0823,Outdoor Gear 823,Mochilas,205.34,157,3.2
P0824,Outdoor Gear 824,Chaquetas,243.64,27,3.4
P0825,Outdoor Gear 825,Pantalones,264.22,76,5.0
P0826,Outdoor Gear 826,Pantalones,107.92,70,4.2
P0827,Outdoor Gear 827,Chaquetas,236.75,197,4.7
P0828,Outdoor Gear 828,Zapatos,84.89,132,3.8
P0829,Outdoor Gear 829,Accesorios,30.08,23,3.9
P0830,Outdoor Gear 830,Chaquetas,146.62,192,4.5
P0831,Outdoor Gear 831,Accesorios,101.75,39,4.6
P0832,Outdoor Gear 832,Accesorios,119.92,1,4.1
P0833,Outdoor Gear 833,Zapatos,57.58,27,3.4
P0834,Outdoor Gear 834,Mochilas,167.79,155,4.1
P0835,Outdoor Gear 835,Mochilas,198.0,8,3.6
P0836,Outdoor Gear 836,Accesorios,56.8,45,4.3
P0837,Outdoor Gear 837,Camisetas,46.35,43,3.6
P0838,Outdoor Gear 838,Zapatos,27.98,165,4.7
P0839,Outdoor Gear 839,Zapatos,247.04,104,3.2
P0840,Outdoor Gear 840,Accesorios,227.06,90,4.0
P0841,Outdoor Gear 841,Accesorios,279.04,46,4.3
P0842,Outdoor Gear 842,Chaquetas,179.9,22,3.7
P0843,Outdoor Gear 843,Pantalones,20.07,68,3.6
P0844,Outdoor Gear 844,Zapatos,165.48,149,3.4
P0845,Outdoor Gear 845,Chaquetas,173.93,29,3.0
P0846,Outdoor Gear 846,Pantalones,213.32,52,4.1
P0847,Outdoor Gear 847,Zapatos,200.44,34,4.9
P0848,Outdoor Gear 848,Pantalones,35.19,44,3.9
P0849,Outdoor Gear 849,Mochilas,132.46,55,4.4
P0850,Outdoor Gear 850,Camisetas,156.41,118,4.2
P0851,Outdoor Gear 851,Accesorios,184.42,20,3.5
P0852,Outdoor Gear 852,Accesorios,181.8,24,3.3
P0853,Outdoor Gear 853,Zapatos,290.02,156,4.4
P0854,Outdoor Gear 854,Camisetas,135.05,187,4.0
P0855,Outdoor Gear 855,Chaquetas,136.53,20,4.5
P0856,Outdoor Gear 856,Accesorios,247.4,137,3.0
P0857,Outdoor Gear 857,Accesorios,229.86,112,3.0
P0858,Outdoor Gear 858,Camisetas,51.53,189,3.9
P0859,Outdoor Gear 859,Mochilas,273.02,189,4.5
P0860,Outdoor Gear 860,Chaquetas,158.23,56,4.6
P0861,Outdoor Gear 861,Mochilas,128.63,94,4.8
P0862,Outdoor Gear 862,Camisetas,207.95,187,4.5
P0863,Outdoor Gear 863,Accesorios,141.08,30,3.7
P0864,Outdoor Gear 864,Camisetas,69.4,44,3.3
P0865,Outdoor Gear 865,Chaquetas,83.94,66,4.6
P0866,Outdoor Gear 866,Pantalones,252.38,18,3.8
P0867,Outdoor Gear 867,Accesorios,36.77,8,3.9
P0868,Outdoor Gear 868,Pantalones,197.63,194,3.7
P0869,Outdoor Gear 869,Camisetas,253.52,90,4.3
P0870,Outdoor Gear 870,Camisetas,94.17,128,3.4
P0871,Outdoor Gear 871,Camisetas,122.47,162,4.1
P0872,Outdoor Gear 872,Camisetas,135.34,15,4.7
P0873,Outdoor Gear 873,Mochilas,51.97,163,3.5
P0874,Outdoor Gear 874,Zapatos,272.14,195,3.1
P0875,Outdoor Gear 875,Accesorios,241.94,186,4.5
P0876,Outdoor Gear 876,Mochilas,214.49,51,3.9
P0877,Outdoor Gear 877,Camisetas,197.36,51,4.2
P0878,Outdoor Gear 878,Camisetas,248.01,193,3.5
P0879,Outdoor Gear 879,Mochilas,161.51,176,4.6
P0880,Outdoor Gear 880,Pantalones,160.35,122,3.3
P0881,Outdoor Gear 881,Mochilas,182.89,47,3.3
P0882,Outdoor Gear 882,Chaquetas,240.46,25,4.6
P0883,Outdoor Gear 883,Zapatos,91.57,16,3.6
P0884,Outdoor Gear 884,Zapatos,113.98,186,3.7
P0885,Outdoor Gear 885,Zapatos,44.31,73,3.2
P0886,Outdoor Gear 886,Pantalones,104.79,17,4.6
P0887,Outdoor Gear 887,Camisetas,290.3,167,4.7
P0888,Outdoor Gear 888,Camisetas,239.61,190,3.3
P0889,Outdoor Gear 889,Camisetas,210.77,147,3.3
P0890,Outdoor Gear 890,Chaquetas,168.46,119,3.1
P0891,Outdoor Gear 891,Chaquetas,213.84,123,4.3
P0892,Outdoor Gear 892,Chaquetas,210.42,56,4.1
P0893,Outdoor Gear 893,Chaquetas,295.1,169,3.7
P0894,Outdoor Gear 894,Pantalones,134.14,17,3.8
P0895,Outdoor Gear 895,Accesorios,52.33,27,3.3
P0896,Outdoor Gear 896,Chaquetas,198.12,149,4.3
P0897,Outdoor Gear 897,Camisetas,40.36,32,4.1
P0898,Outdoor Gear 898,Pantalones,167.09,195,3.7
P0899,Outdoor Gear 899,Mochilas,45.25,66,3.2
P0900,Outdoor Gear 900,Chaquetas,106.08,142,4.9
P0901,Outdoor Gear 901,Camisetas,101.3,149,4.9
P0902,Outdoor Gear 902,Mochilas,27.92,42,3.3
P0903,Outdoor Gear 903,Zapatos,233.52,143,4.3
P0904,Outdoor Gear 904,Camisetas,152.6,151,4.6
P0905,Outdoor Gear 905,Pantalones,66.96,163,4.4
P0906,Outdoor Gear 906,Mochilas,288.24,66,4.2
P0907,Outdoor Gear 907,Zapatos,27.53,37,3.2
P0908,Outdoor Gear 908,Zapatos,80.15,117,5.0
P0909,Outdoor Gear 909,Chaquetas,91.42,27,3.3
P0910,Outdoor Gear 910,Zapatos,25.14,140,3.5
P0911,Outdoor Gear 911,Accesorios,274.79,188,3.3
P0912,Outdoor Gear 912,Zapatos,190.23,33,3.0
P0913,Outdoor Gear 913,Chaquetas,111.0,150,4.7
P0914,Outdoor Gear 914,Camisetas,181.76,81,3.7
P0915,Outdoor Gear 915,Mochilas,239.73,91,4.2
P0916,Outdoor Gear 916,Zapatos,177.94,2,4.5
P0917,Outdoor Gear 917,Zapatos,96.85,58,3.8
P0918,Outdoor Gear 918,Zapatos,61.84,6,4.2
P0919,Outdoor Gear 919,Camisetas,61.05,196,4.1
P0920,Outdoor Gear 920,Zapatos,273.42,184,4.1
P0921,Outdoor Gear 921,Mochilas,228.49,96,4.6
P0922,Outdoor Gear 922,Zapatos,128.84,79,3.1
P0923,Outdoor Gear 923,Zapatos,74.57,89,3.8
P0924,Outdoor Gear 924,Mochilas,154.91,39,3.1
P0925,Outdoor Gear 925,Accesorios,271.92,190,3.7
P0926,Outdoor Gear 926,Camisetas,72.67,126,3.6
P0927,Outdoor Gear 927,Zapatos,148.84,2,3.1
P0928,Outdoor Gear 928,Pantalones,207.12,171,3.4
P0929,Outdoor Gear 929,Pantalones,83.24,172,3.5
P0930,Outdoor Gear 930,Accesorios,212.28,169,4.1
P0931,Outdoor Gear 931,Camisetas,233.87,158,4.0
P0932,Outdoor Gear 932,Zapatos,175.39,35,4.0
P0933,Outdoor Gear 933,Accesorios,227.22,70,3.7
P0934,Outdoor Gear 934,Camisetas,98.04,132,3.8
P0935,Outdoor Gear 935,Camisetas,239.21,120,3.0
P0936,Outdoor Gear 936,Camisetas,35.62,119,4.3
P0937,Outdoor Gear 937,Pantalones,163.15,55,4.4
P0938,Outdoor Gear 938,Mochilas,97.51,2,4.6
P0939,Outdoor Gear 939,Zapatos,151.41,174,4.3
P0940,Outdoor Gear 940,Zapatos,296.97,166,3.3
P0941,Outdoor Gear 941,Pantalones,94.89,89,4.4
P0942,Outdoor Gear 942,Mochilas,73.74,5,3.7
P0943,Outdoor Gear 943,Pantalones,73.87,80,3.5
P0944,Outdoor Gear 944,Mochilas,86.96,27,4.2
P0945,Outdoor Gear 945,Chaquetas,221.65,68,3.2
P0946,Outdoor Gear 946,Camisetas,97.28,134,3.8
P0947,Outdoor Gear 947,Mochilas,247.2,178,3.6
P0948,Outdoor Gear 948,Pantalones,156.54,105,3.3
P0949,Outdoor Gear 949,Zapatos,64.15,56,4.1
P0950,Outdoor Gear 950,Accesorios,210.34,93,3.2
P0951,Outdoor Gear 951,Zapatos,223.31,7,4.2
P0952,Outdoor Gear 952,Chaquetas,61.95,41,4.3
P0953,Outdoor Gear 953,Accesorios,179.22,21,3.9
P0954,Outdoor Gear 954,Accesorios,73.48,18,3.4
P0955,Outdoor Gear 955,Zapatos,171.87,125,4.4
P0956,Outdoor Gear 956,Pantalones,242.86,42,4.4
P0957,Outdoor Gear 957,Mochilas,80.2,153,3.5
P0958,Outdoor Gear 958,Pantalones,141.94,121,4.5
P0959,Outdoor Gear 959,Pantalones,198.12,77,4.7
P0960,Outdoor Gear 960,Pantalones,101.27,54,4.2
P0961,Outdoor Gear 961,Chaquetas,164.37,69,3.4
P0962,Outdoor Gear 962,Mochilas,181.48,193,4.7
P0963,Outdoor Gear 963,Zapatos,113.12,198,3.4
P0964,Outdoor Gear 964,Chaquetas,26.15,152,4.5
P0965,Outdoor Gear 965,Accesorios,175.94,133,3.8
P0966,Outdoor Gear 966,Accesorios,99.2,92,4.3
P0967,Outdoor Gear 967,Zapatos,179.74,60,4.5
P0968,Outdoor Gear 968,Pantalones,286.56,68,4.8
P0969,Outdoor Gear 969,Accesorios,202.1,186,4.0
P0970,Outdoor Gear 970,Zapatos,268.83,178,3.5
P0971,Outdoor Gear 971,Accesorios,150.99,73,4.2
P0972,Outdoor Gear 972,Accesorios,196.9,31,4.6
P0973,Outdoor Gear 973,Pantalones,139.31,113,3.8
P0974,Outdoor Gear 974,Mochilas,120.18,177,3.6
P0975,Outdoor Gear 975,Accesorios,213.4,2,3.1
P0976,Outdoor Gear 976,Mochilas,76.32,32,3.0
P0977,Outdoor Gear 977,Mochilas,123.41,117,3.8
P0978,Outdoor Gear 978,Pantalones,120.65,139,3.4
P0979,Outdoor Gear 979,Mochilas,24.86,197,3.1
P0980,Outdoor Gear 980,Mochilas,283.66,173,3.0
P0981,Outdoor Gear 981,Camisetas,208.24,61,3.1
P0982,Outdoor Gear 982,Pantalones,53.2,169,3.0
P0983,Outdoor Gear 983,Chaquetas,120.96,18,3.1
P0984,Outdoor Gear 984,Pantalones,220.87,48,3.7
P0985,Outdoor Gear 985,Chaquetas,93.92,112,4.2
P0986,Outdoor Gear 986,Mochilas,169.13,97,3.4
P0987,Outdoor Gear 987,Mochilas,91.05,4,3.1
P0988,Outdoor Gear 988,Accesorios,110.55,83,3.6
P0989,Outdoor Gear 989,Mochilas,120.44,7,4.3
P0990,Outdoor Gear 990,Chaquetas,115.21,192,4.7
P0991,Outdoor Gear 991,Accesorios,140.57,0,3.6
P0992,Outdoor Gear 992,Chaquetas,108.76,22,4.4
P0993,Outdoor Gear 993,Pantalones,100.5,107,4.3
P0994,Outdoor Gear 994,Mochilas,246.56,152,4.6
P0995,Outdoor Gear 995,Chaquetas,291.16,158,4.0
P0996,Outdoor Gear 996,Pantalones,291.3,50,4.9
P0997,Outdoor Gear 997,Mochilas,121.07,143,5.0
P0998,Outdoor Gear 998,Accesorios,192.4,14,4.5
P0999,Outdoor Gear 999,Pantalones,286.16,147,4.5
P1000,Outdoor Gear 1000,Chaquetas,267.07,158,3.2
